crop_id,image_id,site_id,town,stage2_raw,n_crops_at_site,in_sensitivity_088,label
SlsXr0heqQDFBs01W7Rhfg_120_box0.jpg,SlsXr0heqQDFBs01W7Rhfg_120,387,METROPOLITAN NEWTOWNABBEY,0.888,2,True,
XQaxfutC3BXNiRCZCt8c9w_300_box0.jpg,XQaxfutC3BXNiRCZCt8c9w_300,250,BANGOR,0.8877,2,True,
FDqP3q_IP39-bSxrssDz0g_180_box0.jpg,FDqP3q_IP39-bSxrssDz0g_180,401,METROPOLITAN NEWTOWNABBEY,0.8875,2,True,
Va3fDvwuvmAUbBJ8q5sgOQ_180_box0.jpg,Va3fDvwuvmAUbBJ8q5sgOQ_180,240,METROPOLITAN NEWTOWNABBEY,0.8873,1,True,
SsiTxWIyh2-QpoV0tOZ7Yw_300_box0.jpg,SsiTxWIyh2-QpoV0tOZ7Yw_300,228,METROPOLITAN NEWTOWNABBEY,0.887,3,True,
30YYjfDzXoFe_5oPjgJTsA_060_box0.jpg,30YYjfDzXoFe_5oPjgJTsA_060,342,BANGOR,0.8869,5,True,
00Lx_w_B2CgRtxdAST_DqA_060_box1.jpg,00Lx_w_B2CgRtxdAST_DqA_060,9,CARRICKFERGUS,0.8868,1,True,
UNtG8pB2Knue73iWcoS6iA_240_box0.jpg,UNtG8pB2Knue73iWcoS6iA_240,252,LARNE,0.8867,6,True,
QkG8t3OD69Pa53cPZMf2tg_120_box0.jpg,QkG8t3OD69Pa53cPZMf2tg_120,211,COLERAINE,0.8864,1,True,
-aRl_EmJgyea-vIs0t5e-g_060_box0.jpg,-aRl_EmJgyea-vIs0t5e-g_060,422,CARRICKFERGUS,0.8864,3,True,
udBUQNWsM7xPE0Ft87tEmg_000_box0.jpg,udBUQNWsM7xPE0Ft87tEmg_000,415,BELFAST CITY,0.8862,2,True,
ePInUBCrgL4bcpG-8NhSNg_300_box0.jpg,ePInUBCrgL4bcpG-8NhSNg_300,300,LARNE,0.8861,1,True,
yq5rILzwq7p1TjK_GVNGvw_060_box0.jpg,yq5rILzwq7p1TjK_GVNGvw_060,445,LARNE,0.8861,1,True,
zalpI3dqP3eMIA15raadvA_060_box0.jpg,zalpI3dqP3eMIA15raadvA_060,451,BALLYCLARE,0.886,2,True,
zHyBKi37ZsLZT1cWjU1dpA_300_box0.jpg,zHyBKi37ZsLZT1cWjU1dpA_300,448,BELFAST CITY,0.886,1,True,
Gqbmjoe1HjKBblBZDjzsxA_060_box1.jpg,Gqbmjoe1HjKBblBZDjzsxA_060,390,ANTRIM,0.886,5,True,
I-Doi6PdPrbGKccFJvu3yQ_060_box0.jpg,I-Doi6PdPrbGKccFJvu3yQ_060,237,BELFAST CITY,0.886,4,True,
Wi5qfQ1xjia6pObKafPJ4g_300_box0.jpg,Wi5qfQ1xjia6pObKafPJ4g_300,243,LARNE,0.886,1,True,
8laRr-uc2kdYh81Xikz2ZQ_060_box0.jpg,8laRr-uc2kdYh81Xikz2ZQ_060,80,GREENISLAND,0.8859,1,True,
BIA65fvMZ2RfeSSjpuDx4g_240_box0.jpg,BIA65fvMZ2RfeSSjpuDx4g_240,323,BALLYCLARE,0.8859,2,True,
uPk7nUEGYIHebwOTvaEzUQ_180_box0.jpg,uPk7nUEGYIHebwOTvaEzUQ_180,414,BELFAST CITY,0.8859,1,True,
tierVB0fCJ7ZapsPE59u7Q_180_box0.jpg,tierVB0fCJ7ZapsPE59u7Q_180,410,PORTSTEWART,0.8857,1,True,
3sFZtwc1Bzq9wZM5gvm2_A_060_box2.jpg,3sFZtwc1Bzq9wZM5gvm2_A_060,239,ANTRIM,0.8857,4,True,
hmDgyz9LYBszpFasJLNCfQ_060_box0.jpg,hmDgyz9LYBszpFasJLNCfQ_060,412,LARNE,0.8857,3,True,
T7pYyQuSOOPoKQLMVoBRbA_060_box0.jpg,T7pYyQuSOOPoKQLMVoBRbA_060,225,ANTRIM,0.8856,1,True,
jSumjSkIw88854KsG9c4PQ_300_box0.jpg,jSumjSkIw88854KsG9c4PQ_300,423,BELFAST CITY,0.8856,2,True,
2k5ck4DE2dNIudhmCUq1_A_300_box0.jpg,2k5ck4DE2dNIudhmCUq1_A_300,181,BANGOR,0.8855,2,True,
rvcCpap_TbJMS7knkTSdEQ_300_box0.jpg,rvcCpap_TbJMS7knkTSdEQ_300,400,CARRICKFERGUS,0.8855,4,True,
Pjoi08wQbuCrHql7uwyI-A_120_box0.jpg,Pjoi08wQbuCrHql7uwyI-A_120,202,CARRICKFERGUS,0.8855,1,True,
7f9UicTzOiF-QMzxV1XptA_300_box0.jpg,7f9UicTzOiF-QMzxV1XptA_300,67,METROPOLITAN CASTLEREAGH,0.8854,1,True,
ACdPMsi-bX9CkFbJWIei1Q_120_box0.jpg,ACdPMsi-bX9CkFbJWIei1Q_120,198,BELFAST CITY,0.8854,3,True,
wf2PhJKpQwh0AyFKOnVL-A_240_box0.jpg,wf2PhJKpQwh0AyFKOnVL-A_240,424,METROPOLITAN NEWTOWNABBEY,0.8853,1,True,
kt3vuhYRw92WsoA5DnDtyg_300_box0.jpg,kt3vuhYRw92WsoA5DnDtyg_300,348,METROPOLITAN NEWTOWNABBEY,0.8852,1,True,
mv9XYVeXKq8xssEXM6eF2Q_060_box0.jpg,mv9XYVeXKq8xssEXM6eF2Q_060,364,CARRICKFERGUS,0.8849,1,True,
1CUNx9BHrHpg3Zl5tPaNeQ_300_box0.jpg,1CUNx9BHrHpg3Zl5tPaNeQ_300,339,BALLYCLARE,0.8848,3,True,
nC6Nbm5jb_4-WyCbevg6Fg_300_box0.jpg,nC6Nbm5jb_4-WyCbevg6Fg_300,367,LARNE,0.8848,1,True,
FITWaV67WKy62vj33HwsTg_120_box0.jpg,FITWaV67WKy62vj33HwsTg_120,376,BALLYCLARE,0.8847,2,True,
jhSKC_QPCKMpduI14x0YgA_060_box0.jpg,jhSKC_QPCKMpduI14x0YgA_060,338,ANTRIM,0.8847,1,True,
YA6UsP3la4Olcnmg8UftJA_000_box0.jpg,YA6UsP3la4Olcnmg8UftJA_000,256,BALLYCLARE,0.8845,2,True,
Q6ajHyIYqrZQzxbvFVpjXw_000_box0.jpg,Q6ajHyIYqrZQzxbvFVpjXw_000,398,ANTRIM,0.8845,3,True,
bps0d0W7L6mSnt-fxnK3Gg_120_box0.jpg,bps0d0W7L6mSnt-fxnK3Gg_120,286,ANTRIM,0.8844,1,True,
Mi8avoSuHGENZl1Rwjp8fQ_000_box1.jpg,Mi8avoSuHGENZl1Rwjp8fQ_000,184,CARRICKFERGUS,0.8844,1,True,
5XdIWH_gnSSnIAE7czARCA_240_box0.jpg,5XdIWH_gnSSnIAE7czARCA_240,55,LIMAVADY,0.8843,1,True,
ybnKtf7xWZkFhVufXuTHIw_120_box0.jpg,ybnKtf7xWZkFhVufXuTHIw_120,443,BELFAST CITY,0.8843,1,True,
KOVWrMwoiEw41FxSLEJUqA_300_box0.jpg,KOVWrMwoiEw41FxSLEJUqA_300,163,METROPOLITAN NEWTOWNABBEY,0.8843,1,True,
lrDSQvSlLiKwniQ0DXQn5Q_240_box0.jpg,lrDSQvSlLiKwniQ0DXQn5Q_240,353,GREENISLAND,0.8842,3,True,
82IKSpI4F9-FDrMkt2OY2w_000_box0.jpg,82IKSpI4F9-FDrMkt2OY2w_000,359,COOKSTOWN,0.8842,2,True,
kkvvYNk7fUQtrzGItVSg4A_060_box0.jpg,kkvvYNk7fUQtrzGItVSg4A_060,343,METROPOLITAN NEWTOWNABBEY,0.8841,2,True,
MGGiK3apbx0-FldmcXQw3w_060_box1.jpg,MGGiK3apbx0-FldmcXQw3w_060,178,METROPOLITAN NEWTOWNABBEY,0.8841,2,True,
cdhwNV4u9SLMRc7_w2vqRg_060_box0.jpg,cdhwNV4u9SLMRc7_w2vqRg_060,394,RANDALSTOWN,0.8841,3,True,
nZgosbbHzZZ-hfJjdCqNOQ_300_box1.jpg,nZgosbbHzZZ-hfJjdCqNOQ_300,374,LISBURN CITY,0.884,2,True,
-Erb5ulPzb8xCqcddL8a3g_060_box0.jpg,-Erb5ulPzb8xCqcddL8a3g_060,1,COOKSTOWN,0.884,1,True,
5rLDf-Dbyaz8LuihpMZqYg_300_box0.jpg,5rLDf-Dbyaz8LuihpMZqYg_300,57,LARNE,0.8838,1,True,
58W_h6sL9-D7ZXUtIsXoHw_180_box0.jpg,58W_h6sL9-D7ZXUtIsXoHw_180,141,ANTRIM,0.8838,2,True,
6sYWvM9rppq4pFVbKeSqpw_300_box0.jpg,6sYWvM9rppq4pFVbKeSqpw_300,61,COLERAINE,0.8838,1,True,
EhBgWkQOejyXZ5FiD5IUxw_180_box0.jpg,EhBgWkQOejyXZ5FiD5IUxw_180,131,METROPOLITAN NEWTOWNABBEY,0.8838,1,True,
MyDWVF7DUdrFqjU5q8krMw_180_box0.jpg,MyDWVF7DUdrFqjU5q8krMw_180,188,LARNE,0.8837,2,True,
SdKHqdD6sJTYFXJp2KIm-Q_000_box1.jpg,SdKHqdD6sJTYFXJp2KIm-Q_000,221,METROPOLITAN NEWTOWNABBEY,0.8836,1,True,
0N4m9F2__HYtUlsniv_N-w_060_box0.jpg,0N4m9F2__HYtUlsniv_N-w_060,10,BELFAST CITY,0.8835,1,True,
A7QF-WBcIjjYoSAKdy4DsQ_300_box0.jpg,A7QF-WBcIjjYoSAKdy4DsQ_300,87,METROPOLITAN NEWTOWNABBEY,0.8833,1,True,
ztx1Zg1nHzriX0h3RPGzrQ_000_box0.jpg,ztx1Zg1nHzriX0h3RPGzrQ_000,454,COLERAINE,0.8832,2,True,
Mj-OBq54atJy7aBCxi31CQ_120_box0.jpg,Mj-OBq54atJy7aBCxi31CQ_120,185,BALLYCLARE,0.8832,2,True,
fHdbytBaAbl5ag6WMhZAOA_240_box0.jpg,fHdbytBaAbl5ag6WMhZAOA_240,242,METROPOLITAN NEWTOWNABBEY,0.8832,10,True,
XCjo4Sve0yfWOe5s33a5hQ_060_box1.jpg,XCjo4Sve0yfWOe5s33a5hQ_060,430,COLERAINE,0.8832,3,True,
oEdga8ntershaZpAXgL_ng_120_box0.jpg,oEdga8ntershaZpAXgL_ng_120,377,ANTRIM,0.8831,2,True,
7GgO52oDB3UJptY2LIT-WQ_300_box1.jpg,7GgO52oDB3UJptY2LIT-WQ_300,62,LARNE,0.8831,1,True,
00Lx_w_B2CgRtxdAST_DqA_000_box1.jpg,00Lx_w_B2CgRtxdAST_DqA_000,8,CARRICKFERGUS,0.8831,1,True,
y_loWGv4uB79Mrotochgow_300_box1.jpg,y_loWGv4uB79Mrotochgow_300,442,METROPOLITAN NEWTOWNABBEY,0.8831,1,True,
Ba9YH354gpTdHAP-3JtRvA_120_box0.jpg,Ba9YH354gpTdHAP-3JtRvA_120,103,BALLYCLARE,0.8831,1,True,
R4LAl-qyicloitXIaNV63g_240_box0.jpg,R4LAl-qyicloitXIaNV63g_240,307,BALLYCLARE,0.8831,2,True,
4SSN-1CGOPbQN-QfCXuxFA_000_box0.jpg,4SSN-1CGOPbQN-QfCXuxFA_000,182,LARNE,0.8831,2,True,
9ee0S2fI3ivhXDJQLycfsQ_300_box0.jpg,9ee0S2fI3ivhXDJQLycfsQ_300,86,ANTRIM,0.883,1,True,
3FwNKErfB1SV-ieBF569Cw_240_box0.jpg,3FwNKErfB1SV-ieBF569Cw_240,35,BALLYMENA,0.883,1,True,
hPC4BVEVh9cqeyAiY6Ua2Q_300_box1.jpg,hPC4BVEVh9cqeyAiY6Ua2Q_300,327,BALLYCLARE,0.883,4,True,
fvEzxf5Lv_WseExwzBtGdw_000_box1.jpg,fvEzxf5Lv_WseExwzBtGdw_000,446,BALLYMENA,0.8829,2,True,
y-i_bceCiEE3ZfxLij0ovw_120_box0.jpg,y-i_bceCiEE3ZfxLij0ovw_120,436,LARNE,0.8829,1,True,
EC1GeW2U-Q1K-7kCbeuG8w_060_box0.jpg,EC1GeW2U-Q1K-7kCbeuG8w_060,129,ARMAGH,0.8829,1,True,
krn0cs6-R6p9hPQJfGoL9g_300_box0.jpg,krn0cs6-R6p9hPQJfGoL9g_300,133,METROPOLITAN CASTLEREAGH,0.8828,5,True,
TGTDEClSKIwt0oyRTUzHDA_060_box0.jpg,TGTDEClSKIwt0oyRTUzHDA_060,358,LARNE,0.8827,2,True,
_sFt9yeb2qxRc3pa7u5qDQ_180_box1.jpg,_sFt9yeb2qxRc3pa7u5qDQ_180,271,GREENISLAND,0.8827,1,True,
lr7tunvDaOD7iCJi87HfBQ_180_box0.jpg,lr7tunvDaOD7iCJi87HfBQ_180,352,BANGOR,0.8826,2,True,
chp9Zzs2kcZS2p4lcH_amA_060_box0.jpg,chp9Zzs2kcZS2p4lcH_amA_060,333,CARRICKFERGUS,0.8825,3,True,
0Np7SV2vs9pUjnfmt-pUKQ_180_box0.jpg,0Np7SV2vs9pUjnfmt-pUKQ_180,11,HOLYWOOD,0.8824,1,True,
3Vcc8wml5q2XGqiMF7wozA_120_box3.jpg,3Vcc8wml5q2XGqiMF7wozA_120,280,BELFAST CITY,0.8824,3,True,
aUNo5yPX0ftK8Ntthmt8Gg_300_box1.jpg,aUNo5yPX0ftK8Ntthmt8Gg_300,298,BELFAST CITY,0.8821,2,True,
x42VZuQq5rMO6K6Ngtl1pw_240_box0.jpg,x42VZuQq5rMO6K6Ngtl1pw_240,428,LARNE,0.8821,1,True,
tf2BVzi2Vlwd3kn1XcMFRQ_060_box0.jpg,tf2BVzi2Vlwd3kn1XcMFRQ_060,408,BELFAST CITY,0.8821,1,True,
sGpYYiJytHlhu6Ce8ZX8Xw_120_box0.jpg,sGpYYiJytHlhu6Ce8ZX8Xw_120,402,DERRY CITY,0.8819,1,True,
8laRr-uc2kdYh81Xikz2ZQ_120_box0.jpg,8laRr-uc2kdYh81Xikz2ZQ_120,81,GREENISLAND,0.8819,1,True,
9J6KYSeoPqRot_yYOMtU3g_180_box0.jpg,9J6KYSeoPqRot_yYOMtU3g_180,235,COLERAINE,0.8819,2,True,
XoF3FKD9zRann28E0wxJug_240_box0.jpg,XoF3FKD9zRann28E0wxJug_240,253,METROPOLITAN LISBURN,0.8818,1,True,
L2SBRnluoBiDz1iJyQteEw_000_box0.jpg,L2SBRnluoBiDz1iJyQteEw_000,169,BELFAST CITY,0.8817,1,True,
LMbp9M-61nOfO09HnNl3pg_120_box0.jpg,LMbp9M-61nOfO09HnNl3pg_120,392,METROPOLITAN NEWTOWNABBEY,0.8817,2,True,
bCZ0BcZ-3m--TgdVTJoRyQ_120_box1.jpg,bCZ0BcZ-3m--TgdVTJoRyQ_120,282,BELFAST CITY,0.8816,1,True,
AxlXlkhHFfdvrFVZ3AmEGw_240_box0.jpg,AxlXlkhHFfdvrFVZ3AmEGw_240,97,LARNE,0.8816,2,True,
qX8DlEXqrHr2UE1oHacRCA_060_box0.jpg,qX8DlEXqrHr2UE1oHacRCA_060,385,BANGOR,0.8816,1,True,
faEMd2sRmDdK9l3PKAuo-A_000_box1.jpg,faEMd2sRmDdK9l3PKAuo-A_000,314,CARRICKFERGUS,0.8816,1,True,
jlXqyHEw9564wcbebOgF6g_120_box0.jpg,jlXqyHEw9564wcbebOgF6g_120,386,HILLSBOROUGH AND CULCAVY,0.8816,3,True,
UX5olA1LmJSdMor95O8IRw_300_box0.jpg,UX5olA1LmJSdMor95O8IRw_300,233,COLERAINE,0.8815,1,True,
Yt7WjcSyYUBvQMg_RKY6ng_180_box0.jpg,Yt7WjcSyYUBvQMg_RKY6ng_180,261,COLERAINE,0.8815,1,True,
LeZE3DKG9VzEiZ1B53C9Aw_300_box0.jpg,LeZE3DKG9VzEiZ1B53C9Aw_300,174,BELFAST CITY,0.8815,1,True,
D1QqIM1yUb0prtBwGhFUqg_000_box0.jpg,D1QqIM1yUb0prtBwGhFUqg_000,123,BALLYMENA,0.8814,1,True,
7hSBi65Pz7Bc58OadIjVkg_180_box0.jpg,7hSBi65Pz7Bc58OadIjVkg_180,68,METROPOLITAN NEWTOWNABBEY,0.8813,1,True,
eg2tV8fGtrZLgl85T7Nk0Q_060_box0.jpg,eg2tV8fGtrZLgl85T7Nk0Q_060,303,METROPOLITAN NEWTOWNABBEY,0.8813,1,True,
yD8bqMnIH7kd31uAYuW62g_000_box0.jpg,yD8bqMnIH7kd31uAYuW62g_000,438,CRAIGAVON,0.8813,2,True,
nKWXOkq-cE7FDjoDJr-TDQ_180_box0.jpg,nKWXOkq-cE7FDjoDJr-TDQ_180,371,LARNE,0.8812,1,True,
L-gduS7EXL1NiVIzy6yOiw_180_box0.jpg,L-gduS7EXL1NiVIzy6yOiw_180,167,LARNE,0.8812,1,True,
nIgbneaXb3QWlfZQKG7jAA_060_box0.jpg,nIgbneaXb3QWlfZQKG7jAA_060,370,BALLYCLARE,0.8812,1,True,
MDe_OYePrNoJCED4oYR_UA_060_box0.jpg,MDe_OYePrNoJCED4oYR_UA_060,379,BALLYCLARE,0.8811,4,True,
4XjS0zNpLIAEfp3sc5Ge7Q_120_box0.jpg,4XjS0zNpLIAEfp3sc5Ge7Q_120,45,BALLYMONEY,0.881,1,True,
CD2aVSb_RKAg8tDTPL0RWQ_120_box1.jpg,CD2aVSb_RKAg8tDTPL0RWQ_120,114,BALLYCLARE,0.881,1,True,
9RkYkKhrTQJA6uQXghbmww_180_box1.jpg,9RkYkKhrTQJA6uQXghbmww_180,84,CARRICKFERGUS,0.8809,1,True,
vQX7q0d8Uc4F9TJY2HMEfQ_300_box0.jpg,vQX7q0d8Uc4F9TJY2HMEfQ_300,419,LARNE,0.8809,1,True,
dHngN07lqpJfEODTnL12Cg_180_box0.jpg,dHngN07lqpJfEODTnL12Cg_180,295,BELFAST CITY,0.8809,1,True,
PzAbMOWRAAnPXd0Jd3_0kQ_240_box0.jpg,PzAbMOWRAAnPXd0Jd3_0kQ_240,205,CARRICKFERGUS,0.8809,1,True,
CAoSLEFGMVFpcE1PbmI0M2ptcDBQTkc3bnB6MWhRNm1reFZ0dF9EMXVKaklOeC11_120_box0.jpg,CAoSLEFGMVFpcE1PbmI0M2ptcDBQTkc3bnB6MWhRNm1reFZ0dF9EMXVKaklOeC11_120,112,BELFAST CITY,0.8808,1,True,
BfK8aVc6GqSFs0nXvAHKAA_060_box0.jpg,BfK8aVc6GqSFs0nXvAHKAA_060,244,BALLYCLARE,0.8808,2,True,
mBI20j7JYBNl0zQ9Q_oRcw_060_box3.jpg,mBI20j7JYBNl0zQ9Q_oRcw_060,357,COLERAINE,0.8807,1,True,
MjAelU2hVqk_WS2v-eJHaA_240_box2.jpg,MjAelU2hVqk_WS2v-eJHaA_240,186,BELFAST CITY,0.8807,1,True,
0UF1lszNWgmiWfVe_-wtSw_180_box0.jpg,0UF1lszNWgmiWfVe_-wtSw_180,13,CARRICKFERGUS,0.8807,1,True,
BIA65fvMZ2RfeSSjpuDx4g_120_box0.jpg,BIA65fvMZ2RfeSSjpuDx4g_120,100,BALLYCLARE,0.8807,1,True,
BqlLb8v1juirbtUOme0SQg_240_box0.jpg,BqlLb8v1juirbtUOme0SQg_240,378,HOLYWOOD,0.8807,2,True,
2_rpTghtR86lBCJGA6yhOg_240_box0.jpg,2_rpTghtR86lBCJGA6yhOg_240,270,MAGHERA,0.8806,5,True,
RpUOdV2kin9xCMmCvnjHRQ_120_box0.jpg,RpUOdV2kin9xCMmCvnjHRQ_120,218,GREENISLAND,0.8806,1,True,
-6SODXnxIwIrpd1in_TREw_120_box0.jpg,-6SODXnxIwIrpd1in_TREw_120,0,BELFAST CITY,0.8805,1,True,
sS90xX483oWYecrQVyVH6Q_060_box0.jpg,sS90xX483oWYecrQVyVH6Q_060,403,MAGHERAFELT,0.8805,1,True,
CYlTETBQVjTjmOU6SiDNjg_300_box1.jpg,CYlTETBQVjTjmOU6SiDNjg_300,117,NEWTOWNARDS,0.8805,1,True,
b9jpOgZq3ngs11Sl3FAbkw_180_box1.jpg,b9jpOgZq3ngs11Sl3FAbkw_180,281,BELFAST CITY,0.8805,1,True,
F0oN2YkxGZhcJSI-vljdSQ_240_box1.jpg,F0oN2YkxGZhcJSI-vljdSQ_240,132,BELFAST CITY,0.8803,1,True,
85HCMYxtmujS5_3ZjGL84w_060_box0.jpg,85HCMYxtmujS5_3ZjGL84w_060,391,LARNE,0.8803,2,True,
45ogY-zNljwzu9E5B1th1g_060_box0.jpg,45ogY-zNljwzu9E5B1th1g_060,43,COOKSTOWN,0.8803,1,True,
7VokhFuzGgfH9h28NVuwfw_300_box0.jpg,7VokhFuzGgfH9h28NVuwfw_300,64,BELFAST CITY,0.8802,1,True,
4q6WEaKL42SoUmvujKyFuw_000_box0.jpg,4q6WEaKL42SoUmvujKyFuw_000,48,BALLYMONEY,0.8802,1,True,
hR8_UqjdDYUqNRdb78DllA_240_box1.jpg,hR8_UqjdDYUqNRdb78DllA_240,329,CRAIGAVON,0.8802,1,True,
ebasd89VQeHAi8IRqTMovQ_300_box1.jpg,ebasd89VQeHAi8IRqTMovQ_300,302,BANGOR,0.8802,1,True,
y_loWGv4uB79Mrotochgow_240_box0.jpg,y_loWGv4uB79Mrotochgow_240,441,METROPOLITAN NEWTOWNABBEY,0.8801,1,True,
5UrNGbdqHX6SkxJfqezMYg_240_box0.jpg,5UrNGbdqHX6SkxJfqezMYg_240,54,ANTRIM,0.8801,1,True,
JNRnv6RoNBQ6moCnMx3Z4w_120_box0.jpg,JNRnv6RoNBQ6moCnMx3Z4w_120,157,METROPOLITAN NEWTOWNABBEY,0.88,1,True,
bfkvVrpZbgv_U9haIO3qQQ_060_box0.jpg,bfkvVrpZbgv_U9haIO3qQQ_060,285,METROPOLITAN CASTLEREAGH,0.8799,1,False,
0wdqkMbkSyx17BECuzrIQA_120_box0.jpg,0wdqkMbkSyx17BECuzrIQA_120,17,BELFAST CITY,0.8799,1,False,
1INIXClZjzNOzVOEqIUpKQ_300_box0.jpg,1INIXClZjzNOzVOEqIUpKQ_300,22,BELFAST CITY,0.8799,1,False,
HJjgXQ3wGJA6k2YWLy7pWw_000_box0.jpg,HJjgXQ3wGJA6k2YWLy7pWw_000,149,BELFAST CITY,0.8799,1,False,
C4QxsdEy9HmZcm4uhpQSGg_060_box0.jpg,C4QxsdEy9HmZcm4uhpQSGg_060,110,OMAGH TOWN,0.8799,1,False,
Rabkqef9UjksoelD4Ph89A_240_box0.jpg,Rabkqef9UjksoelD4Ph89A_240,356,BALLYCLARE,0.8798,4,False,
aJ8fawn1qfLSjXgTfFO33g_240_box0.jpg,aJ8fawn1qfLSjXgTfFO33g_240,274,BALLYNAHINCH,0.8798,1,False,
LRlmaVKVjJ5ISUAa5F3sRg_060_box0.jpg,LRlmaVKVjJ5ISUAa5F3sRg_060,172,ANTRIM,0.8798,1,False,
fXo5j2RhMYJx7VR4FpkNvw_060_box1.jpg,fXo5j2RhMYJx7VR4FpkNvw_060,313,BALLYCLARE,0.8797,2,False,
lvuDOP2xlZPSaGNfJoq9Gg_000_box0.jpg,lvuDOP2xlZPSaGNfJoq9Gg_000,354,DUNGANNON,0.8797,1,False,
JAOZw8Zp0eRqJe6g7mIUpQ_000_box0.jpg,JAOZw8Zp0eRqJe6g7mIUpQ_000,154,BANGOR,0.8796,1,False,
i_cgO2IoMNdBT57aU_92iQ_060_box0.jpg,i_cgO2IoMNdBT57aU_92iQ_060,335,MAGHERAFELT,0.8796,1,False,
H53sghntVUHcK-iIfguYWQ_240_box0.jpg,H53sghntVUHcK-iIfguYWQ_240,148,LARNE,0.8796,1,False,
wsgrQVZ46qRSS5X83zFa6w_240_box0.jpg,wsgrQVZ46qRSS5X83zFa6w_240,426,MAGHERA,0.8795,1,False,
MrQ15WOyobdFd8tkS_p6eQ_120_box0.jpg,MrQ15WOyobdFd8tkS_p6eQ_120,187,METROPOLITAN CASTLEREAGH,0.8794,1,False,
KRvZsN9yPLrwO2SlQ47sBw_180_box0.jpg,KRvZsN9yPLrwO2SlQ47sBw_180,164,BELFAST CITY,0.8794,1,False,
ygdHLLSYam1WdVxeblEChQ_120_box0.jpg,ygdHLLSYam1WdVxeblEChQ_120,444,HOLYWOOD,0.8793,1,False,
0e7zc0x5ClZVmj7nAJW1lA_060_box0.jpg,0e7zc0x5ClZVmj7nAJW1lA_060,15,HOLYWOOD,0.8793,1,False,
ZdtSksKs6eg2flTBJEmuHw_060_box0.jpg,ZdtSksKs6eg2flTBJEmuHw_060,268,BALLYCLARE,0.8793,1,False,
iNoFw6hIS77dzTAJzmzS5A_120_box1.jpg,iNoFw6hIS77dzTAJzmzS5A_120,334,BALLYCLARE,0.8793,1,False,
jziW7y1VLOChhmNzSdoOtw_300_box1.jpg,jziW7y1VLOChhmNzSdoOtw_300,341,COLERAINE,0.8793,1,False,
Kabg5F1F-uN2htpJ9rU5gQ_120_box0.jpg,Kabg5F1F-uN2htpJ9rU5gQ_120,165,ARMAGH,0.8792,1,False,
O5Wvothv6zc45T4DPqxWpg_300_box2.jpg,O5Wvothv6zc45T4DPqxWpg_300,196,ANTRIM,0.8792,1,False,
y_loWGv4uB79Mrotochgow_120_box0.jpg,y_loWGv4uB79Mrotochgow_120,440,METROPOLITAN NEWTOWNABBEY,0.879,3,False,
cM4UqF4N6frR0PwpoQuzzQ_120_box0.jpg,cM4UqF4N6frR0PwpoQuzzQ_120,289,BALLYCLARE,0.8788,1,False,
xEApdmitAbJEruzDDkLEmg_060_box0.jpg,xEApdmitAbJEruzDDkLEmg_060,429,BELFAST CITY,0.8788,1,False,
QTGzmVrUkxrge-dsWXqKsg_240_box1.jpg,QTGzmVrUkxrge-dsWXqKsg_240,209,METROPOLITAN LISBURN,0.8788,1,False,
hR8_UqjdDYUqNRdb78DllA_240_box0.jpg,hR8_UqjdDYUqNRdb78DllA_240,328,CRAIGAVON,0.8787,1,False,
GLeC8xzTfsEULTv6ejEKrg_000_box0.jpg,GLeC8xzTfsEULTv6ejEKrg_000,142,BELFAST CITY,0.8786,1,False,
xWb-s92lxF9xEXynPvfHSw_300_box0.jpg,xWb-s92lxF9xEXynPvfHSw_300,434,BELFAST CITY,0.8786,1,False,
AFWcwPty-eUUeR3-2BaVNQ_240_box1.jpg,AFWcwPty-eUUeR3-2BaVNQ_240,90,METROPOLITAN NEWTOWNABBEY,0.8786,1,False,
8FiPigCgKxUt9n1cMZpBIw_120_box0.jpg,8FiPigCgKxUt9n1cMZpBIw_120,74,ENNISKILLEN,0.8785,1,False,
m24Fh-ghdgO0o_BqVXQuUw_000_box0.jpg,m24Fh-ghdgO0o_BqVXQuUw_000,355,ARMAGH,0.8785,1,False,
Z86TKD5DTgDU8elr4zduSQ_180_box0.jpg,Z86TKD5DTgDU8elr4zduSQ_180,263,BELFAST CITY,0.8785,1,False,
nRJiP87jFra4FouZraefjw_300_box0.jpg,nRJiP87jFra4FouZraefjw_300,372,LISBURN CITY,0.8785,1,False,
vtidJP4_WmS0splBug9-Bg_180_box1.jpg,vtidJP4_WmS0splBug9-Bg_180,421,METROPOLITAN NEWTOWNABBEY,0.8784,1,False,
RGmcIpu5QovRCioguOOwtQ_240_box0.jpg,RGmcIpu5QovRCioguOOwtQ_240,214,ENNISKILLEN,0.8783,1,False,
bwMABxLPxdUqtcGJj8U9sw_000_box0.jpg,bwMABxLPxdUqtcGJj8U9sw_000,287,WHITEHEAD,0.8782,1,False,
XCSms2FDToqh4a8GXRR9aw_120_box0.jpg,XCSms2FDToqh4a8GXRR9aw_120,246,METROPOLITAN NEWTOWNABBEY,0.8782,2,False,
KjBroZnv7fUneQ2kFVrB9w_060_box0.jpg,KjBroZnv7fUneQ2kFVrB9w_060,166,ANTRIM,0.8782,1,False,
wmcGtdsbwkTrl0TfmDVoaQ_060_box0.jpg,wmcGtdsbwkTrl0TfmDVoaQ_060,425,LISBURN CITY,0.8781,2,False,
RTCgZwh2Cx5P8SlEivLhGw_060_box2.jpg,RTCgZwh2Cx5P8SlEivLhGw_060,215,NEWRY,0.8781,1,False,
xQuAbztGq2e6e9JKNsFoRg_240_box0.jpg,xQuAbztGq2e6e9JKNsFoRg_240,433,METROPOLITAN NEWTOWNABBEY,0.8781,1,False,
yI4XMlACCJ7s_Uul1yAR6A_120_box0.jpg,yI4XMlACCJ7s_Uul1yAR6A_120,439,COLERAINE,0.8781,1,False,
GwHwTq-qSDwEyKZS34_BJw_060_box1.jpg,GwHwTq-qSDwEyKZS34_BJw_060,195,METROPOLITAN NEWTOWNABBEY,0.878,2,False,
ZABULop8o5nrR6lT4rbmXQ_240_box0.jpg,ZABULop8o5nrR6lT4rbmXQ_240,267,LIMAVADY,0.878,1,False,
VB2hI7Rtj-UOEAPv6C_l2A_000_box0.jpg,VB2hI7Rtj-UOEAPv6C_l2A_000,238,METROPOLITAN NEWTOWNABBEY,0.878,1,False,
4wBiaOgxJchj9sr0xcxjXg_300_box0.jpg,4wBiaOgxJchj9sr0xcxjXg_300,50,BANGOR,0.8779,1,False,
Q6idhyjS4QPmq3Qvu5FSew_240_box0.jpg,Q6idhyjS4QPmq3Qvu5FSew_240,208,LARNE,0.8779,1,False,
PJjogLMYw4cfdHbUYh7FhQ_300_box0.jpg,PJjogLMYw4cfdHbUYh7FhQ_300,201,BELFAST CITY,0.8778,1,False,
nCd2x7XFMI7b8SnHa0tDlQ_060_box0.jpg,nCd2x7XFMI7b8SnHa0tDlQ_060,368,ARMAGH,0.8778,1,False,
PyjXVK8wj98W6ew_95dATA_000_box0.jpg,PyjXVK8wj98W6ew_95dATA_000,204,CARRICKFERGUS,0.8777,1,False,
AS6EFpXXmNQbbUvJ7Q1KzQ_180_box0.jpg,AS6EFpXXmNQbbUvJ7Q1KzQ_180,93,METROPOLITAN NEWTOWNABBEY,0.8777,1,False,
8Q1TW8UJ1ocHUzoYciR5xw_060_box0.jpg,8Q1TW8UJ1ocHUzoYciR5xw_060,77,BELFAST CITY,0.8777,1,False,
y0P1L1z0TyciNTmbBKeqmQ_240_box0.jpg,y0P1L1z0TyciNTmbBKeqmQ_240,437,METROPOLITAN NEWTOWNABBEY,0.8777,2,False,
eztXl-E97MBA4r0GjFMfLg_240_box0.jpg,eztXl-E97MBA4r0GjFMfLg_240,304,COOKSTOWN,0.8777,1,False,
BrgLp_XKLHQ4hgfh9kluSw_240_box0.jpg,BrgLp_XKLHQ4hgfh9kluSw_240,108,BELFAST CITY,0.8776,1,False,
Cl-zBlIqyZWVQItwn82ncg_300_box0.jpg,Cl-zBlIqyZWVQItwn82ncg_300,119,BALLYCLARE,0.8776,1,False,
3a0YxFI-T3-YdmFFaW0nHA_060_box2.jpg,3a0YxFI-T3-YdmFFaW0nHA_060,39,DERRY CITY,0.8775,1,False,
LFY6NYKB1MfqKnMIxGnmyA_240_box0.jpg,LFY6NYKB1MfqKnMIxGnmyA_240,276,BALLYCLARE,0.8774,2,False,
arY1zjfo5nDnm071MvuMEQ_120_box0.jpg,arY1zjfo5nDnm071MvuMEQ_120,277,METROPOLITAN LISBURN,0.8774,1,False,
z7RHq62oIcoRF4OJ0I3ECA_000_box0.jpg,z7RHq62oIcoRF4OJ0I3ECA_000,447,METROPOLITAN NEWTOWNABBEY,0.8773,2,False,
JXbrwyqANo11c-ecWdFkbg_180_box0.jpg,JXbrwyqANo11c-ecWdFkbg_180,160,NEWTOWNARDS,0.8773,1,False,
gbj8wXbf1Dke0FXk471EjQ_240_box0.jpg,gbj8wXbf1Dke0FXk471EjQ_240,319,BELFAST CITY,0.8772,1,False,
mi7QaEwCtdYb8GGoPbNI5A_300_box1.jpg,mi7QaEwCtdYb8GGoPbNI5A_300,362,BALLYMENA,0.8771,1,False,
Fepaji6UqRh2p9WpJiGGPA_120_box0.jpg,Fepaji6UqRh2p9WpJiGGPA_120,388,METROPOLITAN NEWTOWNABBEY,0.877,3,False,
md2kmYj0RYReISKc_jANIA_240_box0.jpg,md2kmYj0RYReISKc_jANIA_240,450,BELFAST CITY,0.8769,2,False,
NOOmYB72Zr9As5tTFdhvBQ_180_box0.jpg,NOOmYB72Zr9As5tTFdhvBQ_180,191,LARNE,0.8769,1,False,
M7Hdyk2qf6wa8mZvSjZifg_240_box5.jpg,M7Hdyk2qf6wa8mZvSjZifg_240,406,CARRICKFERGUS,0.8768,2,False,
PrK-BO4QH3byxbrJMj05TA_180_box0.jpg,PrK-BO4QH3byxbrJMj05TA_180,203,BANGOR,0.8768,1,False,
MEHVi0N85t199KYM1ywsUg_000_box0.jpg,MEHVi0N85t199KYM1ywsUg_000,177,DERRY CITY,0.8766,1,False,
CmhtFurFCyjtWL5EVHO1xg_060_box0.jpg,CmhtFurFCyjtWL5EVHO1xg_060,120,BELFAST CITY,0.8766,1,False,
n00NmyU4EtnRXo19TaDE8Q_240_box0.jpg,n00NmyU4EtnRXo19TaDE8Q_240,365,CARRICKFERGUS,0.8766,1,False,
Y9oAEoSJyRkSriDo_6fFGA_240_box0.jpg,Y9oAEoSJyRkSriDo_6fFGA_240,255,COOKSTOWN,0.8764,1,False,
JKx_VQ4rPrQuZ8Sqj9gBWg_180_box0.jpg,JKx_VQ4rPrQuZ8Sqj9gBWg_180,156,BALLYCLARE,0.8764,1,False,
JypR-suL0899BrgrSbiTbA_300_box0.jpg,JypR-suL0899BrgrSbiTbA_300,161,NEWRY,0.8762,1,False,
-JNbRhA75WYE9B7Ik0nm-g_240_box0.jpg,-JNbRhA75WYE9B7Ik0nm-g_240,3,METROPOLITAN NEWTOWNABBEY,0.8762,1,False,
mi7QaEwCtdYb8GGoPbNI5A_300_box0.jpg,mi7QaEwCtdYb8GGoPbNI5A_300,361,BALLYMENA,0.8762,1,False,
tgW_WsyRGEOCvgfvnchpSA_060_box0.jpg,tgW_WsyRGEOCvgfvnchpSA_060,409,BALLYCLARE,0.8761,1,False,
MKo9vEBo-Z77NNTxaPo3mg_300_box0.jpg,MKo9vEBo-Z77NNTxaPo3mg_300,179,METROPOLITAN CASTLEREAGH,0.8761,1,False,
Fkf-UrDzja8fux_3bmEEIA_120_box0.jpg,Fkf-UrDzja8fux_3bmEEIA_120,140,ENNISKILLEN,0.8761,1,False,
O27gSF9WM0nLb-rsK_K3jA_300_box0.jpg,O27gSF9WM0nLb-rsK_K3jA_300,194,HOLYWOOD,0.8759,1,False,
7r7VCbfUbUkhvzEMxmh5PQ_300_box1.jpg,7r7VCbfUbUkhvzEMxmh5PQ_300,70,BELFAST CITY,0.8759,1,False,
on6tso5yQt77ftxZaDUixg_000_box0.jpg,on6tso5yQt77ftxZaDUixg_000,380,BELFAST CITY,0.8759,1,False,
BQ-6Lu4dGbHEFSLrfdBjog_000_box0.jpg,BQ-6Lu4dGbHEFSLrfdBjog_000,102,KILKEEL,0.8758,1,False,
Q5eprskMPxxKFs4dhPSefA_180_box0.jpg,Q5eprskMPxxKFs4dhPSefA_180,206,CARRICKFERGUS,0.8757,1,False,
4lIAzCL_PTgcGDtrUSKi6A_240_box0.jpg,4lIAzCL_PTgcGDtrUSKi6A_240,47,MAGHERAFELT,0.8756,1,False,
R7sFxWn0GQ1SgTGZ89g75A_000_box0.jpg,R7sFxWn0GQ1SgTGZ89g75A_000,213,HOLYWOOD,0.8756,1,False,
7iDxQFAFy13MnO3FQKefdA_000_box0.jpg,7iDxQFAFy13MnO3FQKefdA_000,69,BALLYCLARE,0.8755,1,False,
5trDctip8ED1fcNo1szaPA_300_box4.jpg,5trDctip8ED1fcNo1szaPA_300,58,BELFAST CITY,0.8754,1,False,
SKFkhFEQma6xy-YFZWZ3pQ_120_box0.jpg,SKFkhFEQma6xy-YFZWZ3pQ_120,219,BELFAST CITY,0.8754,1,False,
riL-PGOQy4k0XN1H_y6_wQ_180_box0.jpg,riL-PGOQy4k0XN1H_y6_wQ_180,397,BELFAST CITY,0.8754,1,False,
f05fD03fLNq5UtlCwvCqPQ_120_box0.jpg,f05fD03fLNq5UtlCwvCqPQ_120,305,CRAIGAVON,0.8753,2,False,
GLeC8xzTfsEULTv6ejEKrg_000_box1.jpg,GLeC8xzTfsEULTv6ejEKrg_000,143,BELFAST CITY,0.8753,1,False,
gn1cPnpazqzVAVH3otAGXQ_000_box1.jpg,gn1cPnpazqzVAVH3otAGXQ_000,320,BELFAST CITY,0.8753,1,False,
aCr92ex6LkcolxIMAcFsRA_120_box0.jpg,aCr92ex6LkcolxIMAcFsRA_120,273,BELFAST CITY,0.8752,1,False,
fvlttNWD9eRgVyi97LT7bQ_060_box0.jpg,fvlttNWD9eRgVyi97LT7bQ_060,316,METROPOLITAN NEWTOWNABBEY,0.8752,1,False,
xLrx8zHJiKrQQ4coIQvCQQ_300_box1.jpg,xLrx8zHJiKrQQ4coIQvCQQ_300,431,BELFAST CITY,0.8751,1,False,
D-PFjWZmllg4ovARHOWPkA_000_box0.jpg,D-PFjWZmllg4ovARHOWPkA_000,121,ANTRIM,0.8751,1,False,
uM9RyR4XfTfscAC3cVl92Q_240_box0.jpg,uM9RyR4XfTfscAC3cVl92Q_240,413,BELFAST CITY,0.875,2,False,
kpMX73K5GwSXeYEQFM-2Gg_120_box0.jpg,kpMX73K5GwSXeYEQFM-2Gg_120,345,BELFAST CITY,0.8749,1,False,
hKSiwFJH0KuRg4lhTgqn3w_000_box0.jpg,hKSiwFJH0KuRg4lhTgqn3w_000,324,METROPOLITAN CASTLEREAGH,0.8749,1,False,
VoClA9a5LmEZ2KuXnbv9WA_240_box0.jpg,VoClA9a5LmEZ2KuXnbv9WA_240,241,BELFAST CITY,0.8749,1,False,
sSZqRWbvL3vMuMTHYE_8-g_060_box0.jpg,sSZqRWbvL3vMuMTHYE_8-g_060,404,BELFAST CITY,0.8749,1,False,
IYkk1XzIU8hAfEZvtUyFnA_060_box0.jpg,IYkk1XzIU8hAfEZvtUyFnA_060,152,BALLYMONEY,0.8748,1,False,
DArJxhwHtaoCSyzhYmCmnw_240_box0.jpg,DArJxhwHtaoCSyzhYmCmnw_240,124,BELFAST CITY,0.8745,1,False,
cbEWUIBbm4N4PXCp6OVF1A_000_box0.jpg,cbEWUIBbm4N4PXCp6OVF1A_000,291,METROPOLITAN NEWTOWNABBEY,0.8745,1,False,
YqsV0EXQ_R-t91TMZdDekQ_120_box0.jpg,YqsV0EXQ_R-t91TMZdDekQ_120,260,BELFAST CITY,0.8745,1,False,
UuJBgX6E2DM_T5trlVD3FQ_000_box0.jpg,UuJBgX6E2DM_T5trlVD3FQ_000,349,METROPOLITAN NEWTOWNABBEY,0.8744,2,False,
AZj0uJCrY_eBPv5AlW98IA_060_box0.jpg,AZj0uJCrY_eBPv5AlW98IA_060,94,CRAIGAVON,0.8744,1,False,
h0KFIlTjdOiCp6PjpS2eww_000_box0.jpg,h0KFIlTjdOiCp6PjpS2eww_000,322,BELFAST CITY,0.8744,1,False,
JToKsQCFfNjz6lWbuNgSRg_000_box0.jpg,JToKsQCFfNjz6lWbuNgSRg_000,159,LARNE,0.8743,1,False,
88jtuoqzbWNvkeibpEGNiw_120_box0.jpg,88jtuoqzbWNvkeibpEGNiw_120,73,BELFAST CITY,0.8743,1,False,
xQWMWxMigpQbhQ5Ras_ssQ_060_box0.jpg,xQWMWxMigpQbhQ5Ras_ssQ_060,432,BELFAST CITY,0.8743,1,False,
0W5kHMfOH1PkDR-ygZ9n5A_180_box0.jpg,0W5kHMfOH1PkDR-ygZ9n5A_180,14,BELFAST CITY,0.8742,1,False,
19pcSRcR47dkfrkvCX_G1w_300_box0.jpg,19pcSRcR47dkfrkvCX_G1w_300,19,BELFAST CITY,0.8742,1,False,
wwzPgbj3Y1ydJu7cetY8mQ_000_box0.jpg,wwzPgbj3Y1ydJu7cetY8mQ_000,427,LARNE,0.8742,1,False,
ljxnedrjjzErVpFcg_vD_A_120_box0.jpg,ljxnedrjjzErVpFcg_vD_A_120,351,CARRICKFERGUS,0.8742,1,False,
OrcYBVmMmirmRTNF5cjcCA_060_box0.jpg,OrcYBVmMmirmRTNF5cjcCA_060,199,ANTRIM,0.8742,1,False,
DFAJc2p3ZrjFxAGs7UdUqQ_000_box0.jpg,DFAJc2p3ZrjFxAGs7UdUqQ_000,126,CARRICKFERGUS,0.8742,1,False,
8LWAFOnmZa5SM4hhaBr06A_060_box1.jpg,8LWAFOnmZa5SM4hhaBr06A_060,76,METROPOLITAN LISBURN,0.8741,1,False,
3a0YxFI-T3-YdmFFaW0nHA_060_box0.jpg,3a0YxFI-T3-YdmFFaW0nHA_060,38,DERRY CITY,0.8741,1,False,
MVA_KgOT2_8oFP2lSn_LFw_000_box1.jpg,MVA_KgOT2_8oFP2lSn_LFw_000,180,ENNISKILLEN,0.874,1,False,
YcExpI8SfkDDCiVGOHHjUw_060_box2.jpg,YcExpI8SfkDDCiVGOHHjUw_060,258,BALLYCLARE,0.874,1,False,
XGAtlWljjA4aTxScfo46Fw_300_box0.jpg,XGAtlWljjA4aTxScfo46Fw_300,248,CRAIGAVON,0.874,1,False,
mlPEUPel5kYKoxdyFLgiIg_240_box0.jpg,mlPEUPel5kYKoxdyFLgiIg_240,363,COOKSTOWN,0.8739,1,False,
c2eK_8oMkFe1hDRCpnpdhw_180_box0.jpg,c2eK_8oMkFe1hDRCpnpdhw_180,288,GREENISLAND,0.8739,1,False,
pLvf6w32gIveOnwUH7zMAw_180_box0.jpg,pLvf6w32gIveOnwUH7zMAw_180,382,METROPOLITAN NEWTOWNABBEY,0.8738,1,False,
d8V1drwcnRc39aFxSB7btA_120_box0.jpg,d8V1drwcnRc39aFxSB7btA_120,294,BALLYNAHINCH,0.8736,1,False,
qRatisAziIfb5aX9WcGbHQ_120_box6.jpg,qRatisAziIfb5aX9WcGbHQ_120,384,METROPOLITAN LISBURN,0.8736,1,False,
2yHr_zBQ-lMGmerTAr0d0w_240_box0.jpg,2yHr_zBQ-lMGmerTAr0d0w_240,31,BELFAST CITY,0.8735,1,False,
1GfifGVGhb6gCNmZByV1vg_240_box1.jpg,1GfifGVGhb6gCNmZByV1vg_240,21,BELFAST CITY,0.8735,1,False,
CBd01Df0neDyE6h3Kpyl6g_060_box0.jpg,CBd01Df0neDyE6h3Kpyl6g_060,113,BALLYMONEY,0.8735,1,False,
gXloUqLhM7buYP_WGvAm6Q_300_box1.jpg,gXloUqLhM7buYP_WGvAm6Q_300,318,METROPOLITAN CASTLEREAGH,0.8734,1,False,
Ba9YH354gpTdHAP-3JtRvA_240_box2.jpg,Ba9YH354gpTdHAP-3JtRvA_240,105,BALLYCLARE,0.8734,1,False,
gShIntCUZDyaBDE_WOHQ_g_180_box0.jpg,gShIntCUZDyaBDE_WOHQ_g_180,317,METROPOLITAN NEWTOWNABBEY,0.8733,1,False,
U44XDTOAfGoaUsZ38j4kTA_180_box3.jpg,U44XDTOAfGoaUsZ38j4kTA_180,229,METROPOLITAN LISBURN,0.8733,1,False,
14jx4AFt_4oiFDPHuecF3Q_120_box0.jpg,14jx4AFt_4oiFDPHuecF3Q_120,18,BELFAST CITY,0.8733,1,False,
1MwmRBobKhH5BgvfhN3QNA_060_box0.jpg,1MwmRBobKhH5BgvfhN3QNA_060,56,METROPOLITAN NEWTOWNABBEY,0.8732,2,False,
Ba9YH354gpTdHAP-3JtRvA_240_box0.jpg,Ba9YH354gpTdHAP-3JtRvA_240,104,BALLYCLARE,0.8732,1,False,
n905EKGKhNjDszaaGN8Lgw_120_box0.jpg,n905EKGKhNjDszaaGN8Lgw_120,366,METROPOLITAN NEWTOWNABBEY,0.8727,1,False,
L1IJ7dAFN37fHMiY_80Mrg_300_box0.jpg,L1IJ7dAFN37fHMiY_80Mrg_300,168,DUNGANNON,0.8727,1,False,
t3d1OtuSwBQx4MzQ6XYsHg_000_box0.jpg,t3d1OtuSwBQx4MzQ6XYsHg_000,405,COOKSTOWN,0.8727,1,False,
ipNSmVTQRPNCUpH81vdOcA_180_box1.jpg,ipNSmVTQRPNCUpH81vdOcA_180,336,BELFAST CITY,0.8726,1,False,
Qh0T-YaWv9Mv87VoaDxeUw_060_box0.jpg,Qh0T-YaWv9Mv87VoaDxeUw_060,210,BELFAST CITY,0.8726,1,False,
hSKhuHHpN9MRXWGTadQ7lA_240_box0.jpg,hSKhuHHpN9MRXWGTadQ7lA_240,330,METROPOLITAN CASTLEREAGH,0.8725,1,False,
dJZuiGUWzJEurS3QpjPeSA_240_box1.jpg,dJZuiGUWzJEurS3QpjPeSA_240,296,COOKSTOWN,0.8725,1,False,
9_t-JCKKWQv5TOvKqpUUiA_180_box2.jpg,9_t-JCKKWQv5TOvKqpUUiA_180,85,CRAIGAVON,0.8724,1,False,
zbWD0bc0Uo7-iIybmTlq_Q_240_box0.jpg,zbWD0bc0Uo7-iIybmTlq_Q_240,452,BELFAST CITY,0.8724,1,False,
nlaQ80WGvE3Vf1a6m3tzSw_240_box0.jpg,nlaQ80WGvE3Vf1a6m3tzSw_240,375,DERRY CITY,0.8724,1,False,
4vbB8FVyby2-M5LU5N7Htw_060_box0.jpg,4vbB8FVyby2-M5LU5N7Htw_060,49,NEWRY,0.8723,1,False,
DfjY9786OxNxCD4ZD5e0Xg_300_box0.jpg,DfjY9786OxNxCD4ZD5e0Xg_300,127,BELFAST CITY,0.8723,1,False,
7Knkj9eLunHLCwnS4SVlrg_060_box0.jpg,7Knkj9eLunHLCwnS4SVlrg_060,63,NEWRY,0.8722,1,False,
zRkXgFKXtbtSSQpryY3LyQ_300_box0.jpg,zRkXgFKXtbtSSQpryY3LyQ_300,449,CARRICKFERGUS,0.8722,1,False,
_4jCsC3hHkQ_gf5mSTx3VQ_180_box0.jpg,_4jCsC3hHkQ_gf5mSTx3VQ_180,269,METROPOLITAN NEWTOWNABBEY,0.8722,1,False,
XoF3FKD9zRann28E0wxJug_300_box0.jpg,XoF3FKD9zRann28E0wxJug_300,254,METROPOLITAN LISBURN,0.872,1,False,
e0rFUsUf6dxO2yNxq1uDMQ_060_box0.jpg,e0rFUsUf6dxO2yNxq1uDMQ_060,299,CARRYDUFF,0.872,1,False,
5DtZJyTdTyXfR5D-0YWLSQ_240_box0.jpg,5DtZJyTdTyXfR5D-0YWLSQ_240,52,BELFAST CITY,0.8719,1,False,
Ufv4d2AzJOQCO_HZmYP_Fw_180_box0.jpg,Ufv4d2AzJOQCO_HZmYP_Fw_180,234,COLERAINE,0.8718,1,False,
hPC4BVEVh9cqeyAiY6Ua2Q_240_box0.jpg,hPC4BVEVh9cqeyAiY6Ua2Q_240,325,BALLYCLARE,0.8718,1,False,
kpICI3-y2fslilm9gDDfMg_240_box0.jpg,kpICI3-y2fslilm9gDDfMg_240,344,BALLYMENA,0.8716,1,False,
FLxzTYtG7Z0h2LvCdBt8SQ_120_box0.jpg,FLxzTYtG7Z0h2LvCdBt8SQ_120,136,BELFAST CITY,0.8716,1,False,
JNZ8wyM7KxPosdo7aGFRPw_180_box0.jpg,JNZ8wyM7KxPosdo7aGFRPw_180,158,ARMAGH,0.8716,1,False,
3BAP2o6eteNh-4v3eZJLew_300_box0.jpg,3BAP2o6eteNh-4v3eZJLew_300,34,CRAIGAVON,0.8715,1,False,
607rbRGoItTglYBJRe_P0g_180_box0.jpg,607rbRGoItTglYBJRe_P0g_180,59,PORTRUSH,0.8715,1,False,
vc8-ZjeyGOt82Wxo8FmE2Q_060_box2.jpg,vc8-ZjeyGOt82Wxo8FmE2Q_060,420,LARNE,0.8715,1,False,
0e7zc0x5ClZVmj7nAJW1lA_060_box1.jpg,0e7zc0x5ClZVmj7nAJW1lA_060,16,HOLYWOOD,0.8713,1,False,
NfUXKFhh6lHRRu7QzdS5_g_120_box0.jpg,NfUXKFhh6lHRRu7QzdS5_g_120,192,BELFAST CITY,0.8713,1,False,
r2OegZKEvw1mYBaYkmnZGw_240_box1.jpg,r2OegZKEvw1mYBaYkmnZGw_240,393,METROPOLITAN NEWTOWNABBEY,0.8712,1,False,
8ZlHpnBwbjRDn-VJGB56Pg_060_box0.jpg,8ZlHpnBwbjRDn-VJGB56Pg_060,79,METROPOLITAN NEWTOWNABBEY,0.8712,1,False,
a7a34KJkw4tIIBiKKRa8QA_120_box0.jpg,a7a34KJkw4tIIBiKKRa8QA_120,272,BELFAST CITY,0.8712,1,False,
dOICoEWXn70oyzipiCP1zw_120_box1.jpg,dOICoEWXn70oyzipiCP1zw_120,297,COLERAINE,0.8712,1,False,
FNW3vRZ1e9wM3Ns_GpSh6g_180_box0.jpg,FNW3vRZ1e9wM3Ns_GpSh6g_180,137,BELFAST CITY,0.8712,1,False,
AqnjgRiQlMyJKlMDje6o4w_120_box0.jpg,AqnjgRiQlMyJKlMDje6o4w_120,96,LISBURN CITY,0.871,1,False,
gzhsq8Uu8aIds9OdezQDgw_060_box0.jpg,gzhsq8Uu8aIds9OdezQDgw_060,321,NEWRY,0.8709,1,False,
tYYLRVOgHR3I5IclS0tXEA_300_box1.jpg,tYYLRVOgHR3I5IclS0tXEA_300,407,METROPOLITAN NEWTOWNABBEY,0.8708,1,False,
DyKBJZB2DPJckoH8oRX86A_060_box0.jpg,DyKBJZB2DPJckoH8oRX86A_060,128,COOKSTOWN,0.8707,1,False,
Acey7wdtNjjusPgsHr8phg_120_box0.jpg,Acey7wdtNjjusPgsHr8phg_120,95,CRAIGAVON,0.8707,1,False,
uxJ9WBlowT2XTLifI0eGmg_000_box0.jpg,uxJ9WBlowT2XTLifI0eGmg_000,418,COLERAINE,0.8707,1,False,
RXvio25juYrnNdGMk8U_5Q_000_box1.jpg,RXvio25juYrnNdGMk8U_5Q_000,216,BELFAST CITY,0.8706,1,False,
BFoHE3W19OSInMT9b7mdGw_240_box0.jpg,BFoHE3W19OSInMT9b7mdGw_240,99,BELFAST CITY,0.8706,1,False,
CIkJAuOQOUxZ39RqmLsh8w_180_box0.jpg,CIkJAuOQOUxZ39RqmLsh8w_180,115,METROPOLITAN NEWTOWNABBEY,0.8706,1,False,
fRB1nD8TWToHWU7Y_LxBKQ_180_box0.jpg,fRB1nD8TWToHWU7Y_LxBKQ_180,312,BALLYMENA,0.8706,1,False,
b1TB_0-_B3PJZKvYMyNqqg_060_box0.jpg,b1TB_0-_B3PJZKvYMyNqqg_060,279,ANTRIM,0.8705,1,False,
xagkWni-Pdrc-ySSqjNPxA_240_box0.jpg,xagkWni-Pdrc-ySSqjNPxA_240,435,BELFAST CITY,0.8704,1,False,
3zwrRvP9O2jyB1zQMJHAJQ_060_box0.jpg,3zwrRvP9O2jyB1zQMJHAJQ_060,42,LISBURN CITY,0.8704,1,False,
ELGYyP3Gvp0qK4kYMxmb6Q_300_box0.jpg,ELGYyP3Gvp0qK4kYMxmb6Q_300,130,BELFAST CITY,0.8704,1,False,
UIVcvtRxbZaxmswQLeRlNg_120_box1.jpg,UIVcvtRxbZaxmswQLeRlNg_120,230,BELFAST CITY,0.8704,1,False,
nYfG6CtBuYmi5vPeTQM7ng_000_box0.jpg,nYfG6CtBuYmi5vPeTQM7ng_000,373,GREENISLAND,0.8704,1,False,
nIQaj1AlqyCN2oRL2uJqhA_240_box0.jpg,nIQaj1AlqyCN2oRL2uJqhA_240,369,BALLYNAHINCH,0.8702,1,False,
tierVB0fCJ7ZapsPE59u7Q_240_box0.jpg,tierVB0fCJ7ZapsPE59u7Q_240,411,PORTSTEWART,0.8702,1,False,
uiU4kCangHFW6Crj3732Ng_120_box0.jpg,uiU4kCangHFW6Crj3732Ng_120,416,COOKSTOWN,0.8701,1,False,
utA3teRISfGTecTIzU9HJA_300_box0.jpg,utA3teRISfGTecTIzU9HJA_300,417,PORTRUSH,0.8701,1,False,
zsXK-GR_mCaJh-OQADa6Xw_000_box0.jpg,zsXK-GR_mCaJh-OQADa6Xw_000,453,KILKEEL,0.8701,1,False,
NvsfcuvSQ6OSesa6Tfma4w_060_box0.jpg,NvsfcuvSQ6OSesa6Tfma4w_060,193,BELFAST CITY,0.87,1,False,
M_he40T_1xMTx5aABt3nBw_120_box0.jpg,M_he40T_1xMTx5aABt3nBw_120,183,BELFAST CITY,0.87,1,False,
